Iteration,Delta,Xt,Sigma,OracleScaledLoss,OracleRuRms
1,0.219999998807907,0.430000007152557,0.159999996423721,0.002083507460682,0.00793578411817692
25,0.220531716942787,0.429800570011139,0.160175412893295,0.00208711123422349,0.00794309896220336
49,0.220925822854042,0.429535657167435,0.16030415892601,0.00209132424272885,0.00795153922582623
73,0.221069648861885,0.429990082979202,0.16036331653595,0.00208567734158106,0.00794053438758385
97,0.220665201544762,0.429561197757721,0.160252273082733,0.00209026933828067,0.00794937492209728
121,0.220210582017899,0.429055720567703,0.160123780369759,0.00209572908352249,0.00795988248847756
146,0.219767540693283,0.428591012954712,0.159999579191208,0.00210066134380451,0.00796935052170327
170,0.219351291656494,0.428122371435165,0.159883216023445,0.00210567944613119,0.00797898714160259
194,0.218972131609917,0.427692711353302,0.159780040383339,0.00211024800545459,0.00798775260976975
218,0.218642443418503,0.427320301532745,0.159695282578468,0.00211415967504276,0.00799525154007083
242,0.218368604779243,0.427028924226761,0.159632042050362,0.00211712918072665,0.00800093468921179
266,0.218145653605461,0.426831930875778,0.159589290618896,0.00211898381134756,0.00800446720376443
290,0.217961832880974,0.426737785339355,0.159563288092613,0.00211960063379558,0.0080056068875901
314,0.217804327607155,0.426751494407654,0.159549668431282,0.00211889755590826,0.00800418875870715
338,0.217663541436195,0.42687776684761,0.159545063972473,0.00211680043696213,0.00800006255080376
362,0.217533707618713,0.427124470472336,0.159547403454781,0.00211320020115017,0.0079930089693746
386,0.217412039637566,0.427504897117615,0.159555613994598,0.00210792230224661,0.00798267879814268
411,0.217292919754982,0.428062975406647,0.159569829702377,0.00210038539313506,0.00796792194968723
435,0.217185735702515,0.428773373365402,0.159588739275932,0.0020909357822776,0.00794939718800986
459,0.21708507835865,0.429665982723236,0.159612402319908,0.00207915608841206,0.00792625923074742
483,0.216988548636436,0.43073233962059,0.159639835357666,0.00206512352704455,0.00789862298722095
507,0.216890081763268,0.431933701038361,0.159668862819672,0.00204929458536812,0.00786734652286677
531,0.21677939593792,0.433198273181915,0.159696087241173,0.00203255330023597,0.00783414206217299
555,0.216643750667572,0.434431463479996,0.159717455506325,0.00201609695533865,0.00780136891377146
579,0.216473981738091,0.43552753329277,0.159730240702629,0.00200129892941461,0.00777177562639476
603,0.216268420219421,0.436375975608826,0.159733787178993,0.00198962571236031,0.00774833625721387
627,0.216034188866615,0.436878532171249,0.159729763865471,0.00198240025876966,0.00773376283791111
651,0.215795621275902,0.437016427516937,0.15972538292408,0.0019799138886973,0.00772869713394461
676,0.215590193867683,0.436954468488693,0.159736752510071,0.00198003826586357,0.00772889731826888
700,0.215477630496025,0.437098920345306,0.159780770540237,0.0019775759921766,0.00772393929185024
724,0.215429097414017,0.437811523675919,0.159856677055359,0.00196774094822768,0.00770415947927252
748,0.215333044528961,0.438898205757141,0.159930288791656,0.00195288534257778,0.00767416423713758
772,0.215085849165916,0.439770013093948,0.159965142607689,0.00194060873386774,0.00764923317622347
796,0.214661344885826,0.439908355474472,0.159946769475937,0.00193775234220849,0.00764330288159986
820,0.214113011956215,0.438943058252335,0.159882009029388,0.00194919558710233,0.00766632186692768
844,0.213614955544472,0.437175750732422,0.159820348024368,0.00197097988347007,0.00771015812244218
868,0.213368311524391,0.435528159141541,0.159835696220398,0.00199126064173085,0.00775086959126405
892,0.213348582386971,0.434416115283966,0.159932434558868,0.00200477275938876,0.00777797812546836
917,0.213365718722343,0.433550894260406,0.160054281353951,0.00201506270005451,0.0077986033092516
941,0.21326419711113,0.432674437761307,0.160139381885529,0.00202529613922563,0.00781901370145173
965,0.212987974286079,0.431613564491272,0.160174861550331,0.00203751519971308,0.00784324075034385
989,0.212550073862076,0.430395394563675,0.160166189074516,0.00205132394332447,0.00787047562889477
1013,0.212014257907867,0.429167807102203,0.160133600234985,0.00206492656190843,0.00789717787062313
1037,0.211446180939674,0.428068488836288,0.160098552703857,0.00207672247149721,0.00792023443867224
1061,0.210882395505905,0.427133619785309,0.160072728991508,0.00208636333291485,0.00793900692720383
1085,0.210351124405861,0.426354587078094,0.160063430666924,0.00209404870961275,0.00795392597632123
1109,0.209872499108315,0.425747185945511,0.160076171159744,0.0020996634534119,0.00796479463296868
1133,0.209445983171463,0.425305843353271,0.160111457109451,0.00210330467274301,0.00797181790242584
1157,0.209058195352554,0.425004005432129,0.160165771842003,0.00210529013064286,0.00797562031261884
1182,0.208678409457207,0.424816459417343,0.160237401723862,0.00210584458022418,0.00797663537397756
1206,0.20832185447216,0.424741804599762,0.160315826535225,0.00210510780008623,0.00797513554417344
1230,0.207961976528168,0.424759060144424,0.160399928689003,0.00210325568298998,0.00797145509894845
1254,0.207591816782951,0.42486035823822,0.160487100481987,0.00210038037087946,0.00796576798167506
1278,0.207207322120667,0.425040632486343,0.160575568675995,0.00209654467486478,0.007958191025634
1302,0.206809267401695,0.425307661294937,0.160665705800056,0.00209166312913335,0.00794855205995255
1326,0.206396460533142,0.425670832395554,0.160756811499596,0.00208563128449482,0.00793663829740964
1350,0.205967977643013,0.426125466823578,0.160847947001457,0.00207851084998214,0.00792256100798829
1374,0.205526456236839,0.426685035228729,0.160940155386925,0.00207014959741403,0.00790601108057086
1398,0.205073371529579,0.427372217178345,0.161034315824509,0.00206028359539929,0.00788645401322675
1422,0.204611286520958,0.428212076425552,0.161131501197815,0.00204862026649755,0.00786329143400828
1447,0.204124137759209,0.429271668195724,0.161237150430679,0.00203429625885585,0.00783477679040718
1471,0.203654915094376,0.430476635694504,0.161343812942505,0.00201833070275504,0.00780289946215322
1495,0.203188225626945,0.431860059499741,0.161456286907196,0.002000252944314,0.00776667680532298
1519,0.202727675437927,0.433400601148605,0.161574766039848,0.00198030691028052,0.00772654510496431
1543,0.202278777956963,0.435090988874435,0.161701530218124,0.00195856225717124,0.00768259191103627
1567,0.20184288918972,0.436882942914963,0.161834359169006,0.00193559446467955,0.00763592606166285
1591,0.201418936252594,0.438701242208481,0.161970749497414,0.00191230837797167,0.00758835033176248
1615,0.201004728674889,0.440516889095306,0.162109836935997,0.00188905660356935,0.00754057215587426
1639,0.200599491596222,0.442314237356186,0.162250995635986,0.00186603746379999,0.00749299672449484
1663,0.200201988220215,0.444082528352737,0.162393629550934,0.00184339159279899,0.00744591858951614
1687,0.199810996651649,0.445815116167068,0.162537291646004,0.00182121012104296,0.00739953569788873
1712,0.199409455060959,0.44757866859436,0.162687733769417,0.00179864852559737,0.00735207699207804
1736,0.199028730392456,0.449231535196304,0.162832736968994,0.00177752823777737,0.00730738741204609
1760,0.198652163147926,0.450846821069717,0.162978306412697,0.00175692250285754,0.00726353644429576
1784,0.198285937309265,0.452459782361984,0.16312849521637,0.00173639326363672,0.00721960309179693
1808,0.19793239235878,0.454060763120651,0.163281083106995,0.00171607422282911,0.00717587320757944
1832,0.197583258152008,0.455615192651749,0.163433432579041,0.00169639866373268,0.00713328448297896
1856,0.197235718369484,0.457125931978226,0.163585394620895,0.00167733681614912,0.00709178973186632
1880,0.196891576051712,0.458601206541061,0.163737580180168,0.00165879051864131,0.00705119254499346
1904,0.196551591157913,0.460047841072083,0.163890242576599,0.00164067925397674,0.00701133022816994
1928,0.196216627955437,0.461470603942871,0.164043620228767,0.00162294682569587,0.0069720902627888
1952,0.195887461304665,0.462872833013535,0.164197847247124,0.00160555426100079,0.00693339585637626
1977,0.195551529526711,0.464314162731171,0.164359539747238,0.00158776901639527,0.00689361288581105
2001,0.195236340165138,0.465681076049805,0.164515823125839,0.00157099304738453,0.00685588505410132
2025,0.194929227232933,0.467033207416534,0.164673298597336,0.0015544887072436,0.00681857335744181
2049,0.194638893008232,0.468401163816452,0.16483536362648,0.00153787096288435,0.00678081304743008
2073,0.194374084472656,0.469780713319778,0.165002048015594,0.00152118127184681,0.00674269494357265
2097,0.194116428494453,0.471131324768066,0.165168300271034,0.00150493776474642,0.00670539487992409
2121,0.19386188685894,0.472453534603119,0.16533362865448,0.00148913979139902,0.00666892244580924
2145,0.193613305687904,0.473754107952118,0.165498897433281,0.00147369982278595,0.00663308868601667
2169,0.193371996283531,0.475038051605225,0.165664225816727,0.00145855601957318,0.00659775959679761
2193,0.193138837814331,0.476308077573776,0.165829718112946,0.00144367403358027,0.00656286262758879
2217,0.192914590239525,0.477565616369247,0.165995419025421,0.00142903466880385,0.00652835934366806
2242,0.192691177129745,0.478863269090652,0.166168317198753,0.0014140288279007,0.00649280936008947
2266,0.192487046122551,0.48009780049324,0.166334569454193,0.00139984762573844,0.00645904031380814
2290,0.192293837666512,0.481321513652802,0.166499972343445,0.00138588460349767,0.00642562428745237
2314,0.192119061946869,0.48253345489502,0.166666194796562,0.00137212491585689,0.00639253469826162
2338,0.19196243584156,0.483747601509094,0.166834518313408,0.00135840504881979,0.00635938082166847
2362,0.191821336746216,0.484959632158279,0.167003110051155,0.00134478388592937,0.00632630310860983
2386,0.191687762737274,0.486157953739166,0.16717067360878,0.00133141190366952,0.00629366653296232
2410,0.19156239926815,0.4873426258564,0.167337477207184,0.00131828347567523,0.00626146430384011
2434,0.191447034478188,0.488515675067902,0.167503893375397,0.00130536794540462,0.0062296281477492
2458,0.191342636942863,0.489679008722305,0.167669966816902,0.00129263920791206,0.00619809918551608
2483,0.191256284713745,0.490900009870529,0.167844593524933,0.0012793296766972,0.00616497230306405
2507,0.191197946667671,0.492068320512772,0.16801355779171,0.00126662872374214,0.00613320742179769
2531,0.191145047545433,0.493219614028931,0.168180897831917,0.00125420472251576,0.00610197931478635
2555,0.191100016236305,0.494355887174606,0.168347150087357,0.00124202434101766,0.00607121296416594
2579,0.191064849495888,0.49548065662384,0.168512478470802,0.00123004075677951,0.00604079710062864
2603,0.191039711236954,0.496595531702042,0.168676555156708,0.0012182347053102,0.00601068764475794
2627,0.19103130698204,0.497700065374374,0.168838232755661,0.00120658691244023,0.00598084279698375
2651,0.191052079200745,0.498793125152588,0.169001206755638,0.00119505032823894,0.00595115233857445
2675,0.191088885068893,0.499889314174652,0.169164031744003,0.00118352360330367,0.0059213481664368
2699,0.191134691238403,0.500979661941528,0.16932487487793,0.00117212576808656,0.00589173508050203
2723,0.191188499331474,0.502060770988464,0.169484212994576,0.00116089149486904,0.00586240644174713
2748,0.191256791353226,0.503178179264069,0.169649332761765,0.00114933400202382,0.00583208842678863
2772,0.191345736384392,0.504256844520569,0.169808521866798,0.00113818697889433,0.00580271080892885
2796,0.191455736756325,0.505328774452209,0.169967547059059,0.00112711771006228,0.00577340349079204
2820,0.191573351621628,0.506388187408447,0.170125186443329,0.00111623505874791,0.00574445113407997
2844,0.191701769828796,0.507436275482178,0.170281812548637,0.00110551083802076,0.00571578517374526
2868,0.191842541098595,0.508475303649902,0.170437455177307,0.00109491409530116,0.00568732717027735
2892,0.191995710134506,0.509508430957794,0.170590698719025,0.00108441489610022,0.00565899869407531
2916,0.192192733287811,0.510546445846558,0.170745074748993,0.00107376876028693,0.00563015356940286
2940,0.192411378026009,0.511569201946259,0.170899718999863,0.00106325418266069,0.00560153506699249
2964,0.192627117037773,0.512584626674652,0.171051323413849,0.00105290950137689,0.00557323707295674
2988,0.192849591374397,0.513593077659607,0.171201109886169,0.00104268593692452,0.00554513529792639
3013,0.193093508481979,0.514635741710663,0.171355903148651,0.00103214318908854,0.0055160164444212
3037,0.19334189593792,0.515629589557648,0.171503707766533,0.00102210691183339,0.00548816426808373
3061,0.193612709641457,0.516643166542053,0.171652570366859,0.00101187924847263,0.00545964681337474
3085,0.193915262818336,0.517654657363892,0.17180147767067,0.00100160733758792,0.00543087595622497
3109,0.19422222673893,0.518652021884918,0.171948567032814,0.000991522759335429,0.00540248883733578
3133,0.194538995623589,0.519636869430542,0.17209418118,0.000981582838934913,0.00537437305824098
3157,0.194867551326752,0.520612299442291,0.172238528728485,0.000971749086936714,0.00534642365361867
3181,0.195208832621574,0.521579325199127,0.172381639480591,0.000962006201916373,0.00531859974126151
3205,0.195555835962296,0.522538363933563,0.172522082924843,0.000952384484334723,0.00529098639828953
3229,0.195930540561676,0.523485898971558,0.172661826014519,0.000942799348284586,0.00526335533852008
3253,0.196335226297379,0.524424314498901,0.172802850604057,0.000933214804471365,0.00523560292097701
3278,0.196747183799744,0.525399804115295,0.172946065664291,0.000923380814001442,0.00520697404240774
3302,0.197148352861404,0.526331901550293,0.173081994056702,0.000914027454790018,0.0051796060357837
3326,0.197560057044029,0.527257680892944,0.17321702837944,0.000904749166994425,0.00515232582978455
3350,0.197983667254448,0.528180778026581,0.17335119843483,0.000895510361352421,0.00512502919725871
3374,0.198457583785057,0.529122769832611,0.17348600924015,0.000885950931065817,0.00509665858471801
3398,0.198953464627266,0.530060112476349,0.173621475696564,0.000876394611868916,0.0050681574404319
3422,0.199437916278839,0.53098338842392,0.173754900693893,0.000867083943742445,0.00504023786381167
3446,0.199922576546669,0.531894862651825,0.173886939883232,0.000857939884515929,0.00501267597018055
3470,0.200413644313812,0.532796263694763,0.174017667770386,0.000848915781940591,0.00498533859022508
3494,0.200913578271866,0.533688902854919,0.174147322773933,0.000839987762169567,0.00495815744394558
3518,0.201400056481361,0.534574627876282,0.17427296936512,0.000831260008322656,0.00493144177372715
3543,0.20191116631031,0.535468876361847,0.174404054880142,0.000822425028736704,0.00490426784487113
3567,0.20242603123188,0.536314129829407,0.174530044198036,0.000813982723582854,0.00487818406487263
3591,0.202926576137543,0.537167012691498,0.174651101231575,0.000805642138196005,0.00485227222188971
3615,0.203438103199005,0.538038551807404,0.17477086186409,0.000797199911548144,0.00482590886681191
3639,0.203977063298225,0.538917601108551,0.174890697002411,0.000788645880898201,0.00479906802693984
3663,0.204513624310493,0.539785802364349,0.175009459257126,0.000780259153539644,0.00477261556927218
3687,0.205051600933075,0.540640473365784,0.175127431750298,0.00077203430965692,0.00474654365624413
3711,0.205593317747116,0.541484355926514,0.175244376063347,0.000763939341826325,0.00472075632053335
3735,0.206140711903572,0.54231870174408,0.175360441207886,0.000755954409377749,0.00469519505223302
3759,0.206694811582565,0.543144583702087,0.175475895404816,0.000748066161710924,0.00466982065756145
3784,0.207295835018158,0.544020593166351,0.175594940781593,0.000739715686764606,0.00464282347762961
3808,0.207928583025932,0.544873476028442,0.175711140036583,0.000731418539366199,0.00461587691603785
3832,0.208537861704826,0.545712292194366,0.175825193524361,0.000723417230483649,0.0045897447230605
3856,0.209135547280312,0.546533584594727,0.175937846302986,0.000715664211417308,0.00456429143994288
3880,0.209731340408325,0.547340333461761,0.176049098372459,0.000708086809138953,0.0045392912203917
3904,0.210329785943031,0.548134624958038,0.176159277558327,0.000700646452645896,0.00451462458646317
3928,0.210914060473442,0.548918604850769,0.176266551017761,0.000693419003534587,0.00449054025076676
3952,0.211483493447304,0.549670159816742,0.176372691988945,0.000686521296066611,0.0044674491118771
3976,0.212071761488914,0.550402164459229,0.176479667425156,0.000679699675155718,0.00444452252954133
4000,0.212642639875412,0.551144242286682,0.176581814885139,0.000672993213754221,0.00442186221499432
4024,0.213213413953781,0.551887094974518,0.176682695746422,0.000666360628072473,0.00439934585092948
4049,0.213816300034523,0.552674233913422,0.176787227392197,0.000659427269403766,0.00437569380627643
4073,0.214439406991005,0.553461492061615,0.176886975765228,0.000652469743029693,0.00435185004631258
4097,0.215054675936699,0.554235935211182,0.176986113190651,0.000645703650682353,0.00432855005202165
4121,0.215658068656921,0.554986476898193,0.177084222435951,0.000639196613127662,0.00430603951943111
4145,0.21625679731369,0.555719256401062,0.177180975675583,0.000632876386530297,0.00428407892259087
4169,0.216855630278587,0.556437015533447,0.177276834845543,0.000626701938751875,0.00426253389465616
4193,0.217455819249153,0.55714225769043,0.177372097969055,0.00062065312891814,0.00424133921211214
4217,0.218057543039322,0.557836711406708,0.177466839551926,0.000614719458587379,0.00422046215341188
4241,0.218640491366386,0.558521091938019,0.177557751536369,0.000608999056602037,0.00420024342053939
4265,0.219231009483337,0.559174835681915,0.177649781107903,0.000603436263165427,0.00418051802944916
4289,0.219837203621864,0.559805393218994,0.177742540836334,0.000597952510973485,0.00416101170309882
4314,0.220431700348854,0.560480237007141,0.177832275629044,0.000592431787891181,0.00414126584328682
4338,0.220995917916298,0.561127483844757,0.177916720509529,0.000587239265975011,0.00412261630406214
4362,0.221560761332512,0.561771512031555,0.17800061404705,0.000582126555837243,0.00410418433957482
4386,0.222155153751373,0.562460541725159,0.178082808852196,0.00057677681996811,0.00408481362862716
4410,0.22275947034359,0.563142895698547,0.178164750337601,0.000571480716055473,0.00406556786422582
4434,0.223350241780281,0.563796699047089,0.178245916962624,0.000566428173487557,0.00404714278226051
4458,0.223932415246964,0.564428091049194,0.178326010704041,0.000561565787344674,0.00402935141111909
4482,0.224511429667473,0.565041065216064,0.178405314683914,0.000556847921541507,0.00401203376686114
4506,0.22508941590786,0.565639436244965,0.17848414182663,0.000552248442038074,0.00399509809723581
4530,0.225666806101799,0.566225469112396,0.178562551736832,0.000547755451434153,0.00397850384522652
4554,0.226243764162064,0.566800475120544,0.178640589118004,0.000543361889428827,0.00396222811464304
4579,0.226838663220406,0.567395329475403,0.178719773888588,0.000538893459840926,0.0039456191721081
4603,0.227491870522499,0.567969024181366,0.178796544671059,0.000534254070407508,0.00392834462841814
4627,0.228138342499733,0.568535625934601,0.17887344956398,0.000529737353442973,0.00391147129775218
4651,0.228728607296944,0.569097757339478,0.178945153951645,0.000525570019103197,0.00389583461419602
4675,0.229298502206802,0.569641351699829,0.17901448905468,0.000521608149178377,0.00388092498043564
4699,0.229863405227661,0.570165038108826,0.179083064198494,0.000517776667635739,0.00386647227526033
4723,0.23042556643486,0.570675313472748,0.179151222109795,0.000514046462253291,0.00385236848984593
4747,0.23097088932991,0.571184277534485,0.17921744287014,0.00051045478288451,0.00383874784336423
4771,0.231492564082146,0.571691632270813,0.179281622171402,0.000507033629135362,0.00382573498450824
4795,0.232027098536491,0.57219660282135,0.179343983530998,0.000503607654473137,0.0038126764628364
4819,0.232564821839333,0.57268625497818,0.17940428853035,0.000500246834594228,0.00379984209342278
4844,0.2331213504076,0.573181211948395,0.179466247558594,0.000496845900771776,0.00378682965689617
4868,0.233652085065842,0.573641061782837,0.17952524125576,0.000493676047482994,0.00377468001031258
4892,0.234179601073265,0.574087560176849,0.179583668708801,0.000490591972774687,0.00376283926387858
4916,0.23470439016819,0.574521780014038,0.179641574621201,0.00048758696530379,0.00375128347132158
4940,0.235226795077324,0.57494455575943,0.179698929190636,0.000484655597900285,0.0037399933618782
4964,0.235747098922729,0.575364351272583,0.179754301905632,0.000481779277303641,0.0037288943258442
4988,0.236375421285629,0.575774908065796,0.17981193959713,0.000478470837258206,0.00371612570889133
5012,0.23697318136692,0.576179444789886,0.179866999387741,0.000475354356085288,0.00370406933709073
5036,0.237512052059174,0.576580107212067,0.17991703748703,0.00047254519109837,0.00369317152884126
5060,0.238030001521111,0.576959252357483,0.179964572191238,0.000469892519885734,0.00368286617683388
5084,0.238542392849922,0.577320039272308,0.180011451244354,0.000467323153009502,0.0036728742372904
5109,0.23907196521759,0.577684164047241,0.180059656500816,0.000464716072826535,0.00366272377971132
5133,0.239576548337936,0.57802402973175,0.180105313658714,0.000462275333503298,0.0036532100753977
5157,0.240077421069145,0.578354895114899,0.180150270462036,0.000459892823706994,0.00364391328727174
5181,0.240550801157951,0.578699052333832,0.180191993713379,0.000457645219436295,0.00363512450129572
5205,0.241012379527092,0.579038739204407,0.180234611034393,0.000455488926347676,0.00362668692590993
5229,0.241482272744179,0.579361319541931,0.180272921919823,0.000453331959914636,0.0036182371666431
5253,0.241952642798424,0.5796719789505,0.18030908703804,0.000451207569745751,0.00360990699548406
5277,0.242418065667152,0.579968690872192,0.180344328284264,0.000449141200467847,0.00360179870753344
5301,0.242878302931786,0.58024936914444,0.18037885427475,0.000447133075135406,0.00359391438958476
5325,0.243333905935287,0.580516874790192,0.180412545800209,0.00044517645447294,0.00358622733351837
5350,0.24380449950695,0.580782771110535,0.180446788668633,0.000443186418157395,0.00357840383563288
5374,0.244259312748909,0.581036627292633,0.180478677153587,0.000441287084645077,0.00357093009753581
5398,0.244814619421959,0.581291437149048,0.180511176586151,0.000439005202247746,0.00356193933893087
5422,0.245336443185806,0.58154284954071,0.180540651082993,0.000436883379933284,0.00355356853144471
5446,0.245806649327278,0.581778526306152,0.180565997958183,0.000434990770893627,0.00354609351250678
5470,0.246258825063705,0.581985175609589,0.180589109659195,0.000433195636081035,0.00353899790646049
5494,0.246705174446106,0.582175493240356,0.180611357092857,0.000431446111998632,0.0035320776997938
5518,0.247146725654602,0.582356929779053,0.180632680654526,0.000429734515419549,0.00352530212560817
5542,0.247583791613579,0.582530677318573,0.180653020739555,0.000428058048753746,0.00351866019170533
5566,0.248016685247421,0.582696676254272,0.180672347545624,0.000426414368898322,0.0035121427645956
5590,0.24844092130661,0.582858681678772,0.180689603090286,0.000424816187185989,0.00350579887853313
5615,0.248863816261292,0.583113491535187,0.180708363652229,0.000423238490695913,0.00349953846005079
5639,0.249265089631081,0.583266198635101,0.180726781487465,0.000421767523505046,0.00349369899097739
5663,0.24966324865818,0.58341109752655,0.180741235613823,0.000420312202434569,0.00348791131171198
5687,0.25005829334259,0.583545804023743,0.180754065513611,0.000418878373178321,0.00348220300986587
5711,0.250470012426376,0.583682298660278,0.180765941739082,0.000417394578249269,0.00347628974739635
5735,0.250951051712036,0.583825469017029,0.18077851831913,0.00041567535236564,0.00346943064351263
5759,0.251380056142807,0.583973348140717,0.180785819888115,0.000414149009879769,0.00346333171979363
5783,0.251777529716492,0.584086000919342,0.180790275335312,0.000412740120695493,0.00345769200047234
5807,0.252165257930756,0.584167659282684,0.180793255567551,0.000411370931072033,0.00345220197697053
5831,0.252547740936279,0.584238111972809,0.180795058608055,0.000410026989002723,0.00344680628308825
5855,0.252925455570221,0.584301888942719,0.180795520544052,0.000408705940046516,0.00344149569813328
5880,0.253314316272736,0.584362387657166,0.180794611573219,0.000407352148184886,0.00343604641005091
5904,0.253703474998474,0.584465742111206,0.180791705846786,0.000406009470827441,0.00343064081972555
5928,0.254195034503937,0.584678113460541,0.180786177515984,0.000404341778024762,0.00342393358297098
5952,0.254636943340302,0.584849298000336,0.180777177214622,0.000402846328471093,0.00341790545844168
5976,0.255032807588577,0.584933340549469,0.18076528608799,0.000401492359685228,0.00341242303927377
6000,0.255398482084274,0.584948003292084,0.18075430393219,0.000400235990125761,0.00340731969209246
